year;month;temp;prec
1931;1;0;0
1931;2;0;0
1931;3;0;0
1931;4;0;0
1931;5;0;0
1931;6;0;0
1931;7;0;0
1931;8;0;0
1931;9;0;0
1931;10;0;0
1931;11;0;0
1931;12;0;0
1932;1;0;0
1932;2;0;0
1932;3;0;0
1932;4;0;0
1932;5;0;0
1932;6;0;0
1932;7;0;0
1932;8;0;0
1932;9;0;0
1932;10;0;0
1932;11;0;0
1932;12;0;0
1933;1;0;0
1933;2;0;0
1933;3;0;0
1933;4;0;0
1933;5;0;0
1933;6;0;0
1933;7;0;0
1933;8;0;0
1933;9;0;0
1933;10;0;0
1933;11;0;0
1933;12;0;0
1934;1;0;0
1934;2;0;0
1934;3;0;0
1934;4;0;0
1934;5;0;0
1934;6;0;0
1934;7;0;0
1934;8;0;0
1934;9;0;0
1934;10;0;0
1934;11;0;0
1934;12;0;0
1935;1;0;0
1935;2;0;0
1935;3;0;0
1935;4;0;0
1935;5;0;0
1935;6;0;0
1935;7;0;0
1935;8;0;0
1935;9;0;0
1935;10;0;0
1935;11;0;0
1935;12;0;0
1936;1;0;0
1936;2;0;0
1936;3;0;0
1936;4;0;0
1936;5;0;0
1936;6;0;0
1936;7;0;0
1936;8;0;0
1936;9;0;0
1936;10;0;0
1936;11;0;0
1936;12;0;0
1937;1;0;0
1937;2;0;0
1937;3;0;0
1937;4;0;0
1937;5;0;0
1937;6;0;0
1937;7;0;0
1937;8;0;0
1937;9;0;0
1937;10;0;0
1937;11;0;0
1937;12;0;0
1938;1;0;0
1938;2;0;0
1938;3;0;0
1938;4;0;0
1938;5;0;0
1938;6;0;0
1938;7;0;0
1938;8;0;0
1938;9;0;0
1938;10;0;0
1938;11;0;0
1938;12;0;0
1939;1;0;0
1939;2;0;0
1939;3;0;0
1939;4;0;0
1939;5;0;0
1939;6;0;0
1939;7;0;0
1939;8;0;0
1939;9;0;0
1939;10;0;0
1939;11;0;0
1939;12;0;0
1940;1;0;0
1940;2;0;0
1940;3;0;0
1940;4;0;0
1940;5;0;0
1940;6;0;0
1940;7;0;0
1940;8;0;0
1940;9;0;0
1940;10;0;0
1940;11;0;0
1940;12;0;0
1941;1;0;64,2
1941;2;0;50,4
1941;3;0;55
1941;4;0;50,8
1941;5;0;65,7
1941;6;0;110,5
1941;7;0;172,3
1941;8;0;73,5
1941;9;0;40,1
1941;10;0;125,1
1941;11;0;21,5
1941;12;0;46,1
1942;1;0;44,9
1942;2;0;37,4
1942;3;0;39,9
1942;4;0;27,3
1942;5;0;79,8
1942;6;0;41,4
1942;7;0;103,4
1942;8;0;56,8
1942;9;0;32,1
1942;10;0;58,3
1942;11;0;39,9
1942;12;0;23,5
1943;1;0;39,1
1943;2;0;26,2
1943;3;0;22,2
1943;4;0;39,9
1943;5;0;47,5
1943;6;0;82,9
1943;7;0;68,5
1943;8;0;60,2
1943;9;0;57,1
1943;10;0;0
1943;11;0;46,5
1943;12;0;19
1944;1;0;78,2
1944;2;0;63,1
1944;3;0;49,8
1944;4;0;78,1
1944;5;0;9,8
1944;6;0;74,3
1944;7;0;107,9
1944;8;0;46,1
1944;9;0;45,6
1944;10;0;56,4
1944;11;0;128,6
1944;12;0;55
1945;1;0;0
1945;2;0;0
1945;3;0;0
1945;4;0;0
1945;5;0;0
1945;6;0;0
1945;7;0;0
1945;8;0;0
1945;9;0;0
1945;10;0;0
1945;11;0;0
1945;12;0;0
1946;1;0;26,6
1946;2;0;94
1946;3;0;24,7
1946;4;0;13,4
1946;5;0;96,9
1946;6;0;134,9
1946;7;0;55
1946;8;0;67,1
1946;9;0;42,4
1946;10;0;50,6
1946;11;0;25,2
1946;12;0;18,5
1947;1;17,9;45,5440880084625
1947;2;19,5;63,9271366869423
1947;3;19,5;42,0234782385628
1947;4;17,1;32,3159258538311
1947;5;7,9;19,9650372335367
1947;6;4,8;82,0734453583702
1947;7;0;100,139372987743
1947;8;0;3,6
1947;9;0;21,2
1947;10;0;4,4
1947;11;0;98,8
1947;12;0;132,9
1948;1;2,9;106,937730819007
1948;2;0,4;59,0630556096267
1948;3;6,2;37,7367053513181
1948;4;9,7;38,9334245649298
1948;5;14;40,6068352675659
1948;6;15,6;104,744327047518
1948;7;15,6;104,747846872961
1948;8;16,2;54,5931647324341
1948;9;13,2;12,7060834946661
1948;10;8,4;20,2627819148374
1948;11;3,4;24,5179767892092
1948;12;-0,9;10,6286055770079
1949;1;0,2;28,1726589297364
1949;2;0,3;15,5962064797672
1949;3;2,1;41,3713944229921
1949;4;10,7;55,0480859120166
1949;5;11,8;88,5222830432865
1949;6;14,2;25,7116542554878
1949;7;18,6;10,3551948743717
1949;8;17,5;59,0838004513796
1949;9;16,8;28,5946682782336
1949;10;10,6;12,3496241135501
1949;11;3;32,2541694066827
1949;12;2,2;51,8696171824033
1950;1;-1,4;35,4293573499077
1950;2;2,7;71,3974709865114
1950;3;4,6;7,20936428105446
1950;4;6,4;66,4789814634578
1950;5;13,8;67,4559466472715
1950;6;17,9;57,6655846231152
1950;7;18,8;96,1321600581855
1950;8;17,4;90,8794941973023
1950;9;12,4;57,1235475500308
1950;10;7,5;31,7546821405272
1950;11;4;132,882023210791
1950;12;-2,9;37,3825359446354
1951;1;1,6;74,1809206712334
1951;2;1,9;51,1588285827307
1951;3;2,4;34,4629410938009
1951;4;7,4;16,0034667052819
1951;5;11,8;43,8358706562468
1951;6;14,8;155,573344481258
1951;7;17,5;58,5654519084222
1951;8;17,1;52,0412894784092
1951;9;14,2;29,9362173136905
1951;10;7,5;30,4235928774894
1951;11;5,5;71,2638858844437
1951;12;0,8;49,1949426165421
1952;1;-0,743684720789631;78,8374026611072
1952;2;-1,8;48,135795576603
1952;3;3,07473888315852;126,714701227343
1952;4;10,2310541623689;36,2180153980165
1952;5;12,3;36,5835628205088
1952;6;15,9;60,9469624047396
1952;7;19,8;6,55166457712541
1952;8;18,6;38,6239352229034
1952;9;10,2563152792104;91,1718957023803
1952;10;6,84368472078963;67,9772028177352
1952;11;1,1;150,910188694152
1952;12;-1,76894583763111;63,9807214010751
1953;1;-2,14368472078963;23,2148267096342
1953;2;-0,412630558420738;30,7205792131611
1953;3;5,02421664947557;2,5791559170344
1953;4;9,41842360394815;45,2881153683168
1953;5;13,3;61,8069809101576
1953;6;15,4;101,036470515155
1953;7;17,4873694415793;114,988212604806
1953;8;16,4310541623689;26,7614005552416
1953;9;13,6310541623689;35,7803132738395
1953;10;9,50579304552742;39,5701831297273
1953;11;3,08736944157926;6,78313626821925
1953;12;1,57473888315852;20,3948211373750
1954;1;-4,45631527921037;73,7299744485155
1954;2;-3,46894583763111;18,0672663727837
1954;3;4,73105416236889;25,2569203563179
1954;4;5,68736944157926;58,1272595370734
1954;5;11,7310541623689;73,9792870678528
1954;6;15,9;43,74378687544
1954;7;14,1563152792104;158,008126059406
1954;8;15,5873694415793;119,739491519681
1954;9;13,2310541623689;125,88684884675
1954;10;9,1;35,6065007794023
1954;11;3,33105416236889;30,1588886635497
1954;12;2,24368472078963;80,7089423837706
1955;1;-2,76894583763111;63,2432843119454
1955;2;-1,95631527921037;63,0959872347913
1955;3;0,631054162368893;19,4426504349404
1955;4;6,9310541623689;39,6720465673422
1955;5;10,6;51,1986260868032
1955;6;14,8436847207896;94,1128052556213
1955;7;16,8873694415793;104,437747864321
1955;8;15,9873694415793;48,923963165801
1955;9;12,5436847207896;71,0392023594789
1955;10;7,08736944157926;17,6569803886670
1955;11;2,47473888315852;9,39459671756613
1955;12;2;85,741960010965
1956;1;-0,0689458376311072;58,6899936828343
1956;2;-10,4;18,8770728307163
1956;3;2,70579304552742;58,7855653900823
1956;4;5,73105416236889;38,0182864248624
1956;5;12,0873694415793;49,2078677761507
1956;6;12,8563152792104;87,013537282356
1956;7;16,6126305584207;130,969358199862
1956;8;14,0252611168415;91,875506938398
1956;9;13,4310541623689;46,1717432891222
1956;10;7,64368472078963;81,7877856778829
1956;11;1,48736944157926;53,8161833482448
1956;12;0,443684720789631;29,5198263665714
1957;1;-1,34368472078963;39,8780399363374
1957;2;3,78736944157926;78,3872866313403
1957;3;6,64368472078963;51,622422471121
1957;4;7,4310541623689;24,9495131841703
1957;5;9,54368472078963;38,4163835250699
1957;6;16,9563152792104;82,3137662833284
1957;7;17,9689458376311;77,4768402533055
1957;8;14,7563152792104;89,2178123260917
1957;9;11,6;117,525934679373
1957;10;8,1310541623689;10,0971540615464
1957;11;3,4;15,1385296800307
1957;12;-0,512630558420738;56,7462444831084
1958;1;-1,15631527921037;80,5886427763352
1958;2;1,75631527921037;112,271202580559
1958;3;-0,95631527921037;38,7240070119305
1958;4;5,18736944157926;71,6597869581372
1958;5;13,9126305584207;70,9058090259043
1958;6;14,6252611168415;70,1295614250752
1958;7;16,9252611168415;51,4548486847822
1958;8;17,0436847207896;85,2569062633305
1958;9;14,4;58,7527738868533
1958;10;8,04368472078963;76,6624188797183
1958;11;3,84368472078963;15,5693634480717
1958;12;1,6;74,5913284903945
1959;1;-0,656315279210369;63,6245399336186
1959;2;-0,512630558420738;6,75250024143754
1959;3;6,13105416236889;34,6644954261861
1959;4;9,08736944157926;52,3805838164944
1959;5;12,5310541623689;66,1068251526087
1959;6;15,9126305584207;73,0577956377075
1959;7;19,5252611168415;60,4991817799041
1959;8;16,7873694415793;76,3734171755289
1959;9;13,5747388831585;6,06302258880342
1959;10;7,6310541623689;67,5498218414297
1959;11;2,4;48,2996557017751
1959;12;1,84368472078963;67,6425871681891
1960;1;-1,05631527921037;39,280867747017
1960;2;0;50,1345984607783
1960;3;4,63105416236889;36,9882833421416
1960;4;8,1;25,9727338052892
1960;5;13,2815763960518;79,913002788697
1960;6;16,8505222336830;40,9577167837259
1960;7;15,6757833505244;69,0029657572346
1960;8;16,0378916752622;123,148242745166
1960;9;11,8563152792104;25,697327231449
1960;10;8,65631527921037;121,505348957455
1960;11;5,38157639605184;57,5437056436067
1960;12;0,381576396051845;53,0794753396424
1961;1;-0,843684720789631;55,1160381247088
1961;2;3,8;48,0390094202696
1961;3;5,81263055842074;33,9497770756879
1961;4;11,2126305584207;76,9293057278984
1961;5;10,4815763960518;105,518669904305
1961;6;15,8505222336830;112,938690146542
1961;7;15,1194680713141;84,454312045419
1961;8;16,1942069544726;63,0978002967695
1961;9;16,8126305584207;39,1331744170501
1961;10;10,1126305584207;26,9403271157871
1961;11;3,16894583763111;30,790707765492
1961;12;-0,712630558420738;91,1335342719349
1962;1;0,85631527921037;53,8500888666524
1962;2;-0,687369441579262;65,4446811416345
1962;3;0,212630558420738;54,5226337446985
1962;4;8,75631527921037;49,4539369816834
1962;5;9,98157639605184;73,8277994439599
1962;6;14,9942069544726;29,0275642008974
1962;7;15,7631527921037;71,3317292325969
1962;8;17,2378916752622;49,7120459647138
1962;9;12,5;67,2108448964094
1962;10;8,48736944157926;5,32044044018798
1962;11;1,82526111684148;29,6098572654795
1962;12;-4,8;63,2034127387563
1963;1;-7,48736944157926;25,1821384725627
1963;2;-6,2;14,8544838404985
1963;3;2,18736944157926;78,7091739730318
1963;4;8,94368472078963;40,4338176535298
1963;5;12,2689458376311;24,3018607569014
1963;6;15,6505222336830;161,204577187808
1963;7;18,2815763960518;79,7238300800769
1963;8;15,8815763960518;88,8025165029878
1963;9;14,0689458376311;45,2280645622325
1963;10;7,41263055842074;40,1310581878498
1963;11;7,15631527921037;78,6018696325808
1963;12;-4,25631527921037;3,53646479046188
1964;1;-4,2;18,9527669214867
1964;2;0,512630558420738;24,6455681658901
1964;3;1,11263055842074;60,4514137411534
1964;4;9,35631527921037;44,0255639309034
1964;5;14,0689458376311;82,5836788699204
1964;6;17,5505222336830;42,845332997865
1964;7;19,3631527921037;6,47681287044817
1964;8;16,3563152792104;60,7330128384762
1964;9;13,8436847207896;43,6368244490109
1964;10;7,2;47,2252246635133
1964;11;4,81263055842074;67,6842749025418
1964;12;-0,4;26,1796496116812
1965;1;0,612630558420738;110,060339382796
1965;2;-3,07473888315852;29,5283933620341
1965;3;2,23105416236889;91,2876245208761
1965;4;6,68736944157926;84,3671763036336
1965;5;11,4126305584207;122,231076757983
1965;6;15,8378916752622;139,548077673817
1965;7;15,4815763960518;120,610108564412
1965;8;15,1689458376311;38,4949925699575
1965;9;12,1;66,7268607757702
1965;10;7,67473888315852;1,84070997688931
1965;11;1,7;85,4027332122089
1965;12;2,8;118,508583275879
1966;1;-3,31263055842074;37,5199590864783
1966;2;5,64368472078963;57,9774474417919
1966;3;2,68736944157926;71,8183861153934
1966;4;10;65,780788246922
1966;5;13,0689458376311;88,979299108041
1966;6;16,8378916752622;90,941291078172
1966;7;15,2068375128933;107,805867399044
1966;8;15,5252611168415;152,659636642808
1966;9;13,3436847207896;29,1517825826730
1966;10;11,2;56,627479952228
1966;11;1,5;41,6150496510403
1966;12;1,45631527921037;134,974262805957
1967;1;-0,243684720789631;33,6088904706186
1967;2;2,24368472078963;50,0291249644256
1967;3;4,98736944157926;50,6161144021431
1967;4;6,7;45,9398074429493
1967;5;12,5126305584207;57,1633499852397
1967;6;14,8378916752622;50,4636986047503
1967;7;19,5689458376311;47,4616443154782
1967;8;17,0184236039482;91,1142329916964
1967;9;13,4873694415793;50,9142496786183
1967;10;11,3747388831585;51,6911430347605
1967;11;3,2;36,8078140107739
1967;12;-0,887369441579262;74,6607397675394
1968;1;-1,74368472078963;81,4038050973901
1968;2;0,95631527921037;42,9288776769365
1968;3;4,14368472078963;44,8681965453611
1968;4;8,94947776631705;77,1347484276473
1968;5;11,4689458376311;69,4087984012818
1968;6;16,0815763960518;65,7763969458883
1968;7;16,3252611168415;73,4232553360143
1968;8;15,6252611168415;168,096822078075
1968;9;12,9310541623689;136,179158613248
1968;10;9,51842360394815;51,1597399716962
1968;11;2,63105416236889;21,2938749372785
1968;12;-2,51263055842074;36,9690465783786
1969;1;-0,468945837631107;43,8384332259725
1969;2;-2,14368472078963;34,2610025784827
1969;3;2,28736944157926;40,932008282083
1969;4;7,24368472078963;45,3277637934633
1969;5;13,7126305584207;52,0696113927445
1969;6;14,3689458376311;116,862078088102
1969;7;18,7126305584207;32,1985105335157
1969;8;16,4563152792104;101,304542939759
1969;9;13,9873694415793;8,20786681200737
1969;10;9,27473888315852;3,52978138848799
1969;11;4,8;86,0948227854077
1969;12;-4,78736944157926;29,5371086971254
1970;1;-2,01263055842074;41,4586974871716
1970;2;-0,587369441579262;162,803396694436
1970;3;1;56,4975757280805
1970;4;5,7;83,971325174102
1970;5;11,4563152792104;71,4775616434083
1970;6;17,9126305584207;39,5480226307603
1970;7;16,6689458376311;73,3474672543332
1970;8;17;96,5118934304889
1970;9;13,7436847207896;33,9846514387668
1970;10;8,74368472078963;72,5917679113186
1970;11;5,5;48,1380725623245
1970;12;-0,8;44,0301390533503
1971;1;-2,29420695447258;29,5429792688238
1971;2;0,556315279210369;28,2582962489091
1971;3;0,8;29,4540141467189
1971;4;9,48736944157926;37,8428702943357
1971;5;14,6252611168415;68,7946730609446
1971;6;14,1252611168415;129,254731076357
1971;7;19,0252611168415;7,01614012396753
1971;8;18,7;55,4739431482132
1971;9;12,2747388831585;28,9242233509048
1971;10;8,50579304552742;26,6005724317594
1971;11;2,95631527921037;58,1794417928697
1971;12;2,35631527921037;17,8956414133011
1972;1;-2,35631527921037;23,8113468868636
1972;2;1,83105416236889;7,26591775286396
1972;3;5,80579304552742;45,5346622488333
1972;4;7,46894583763111;58,3241113086558
1972;5;11,4563152792104;71,7186439226455
1972;6;14,7252611168415;87,8955844288388
1972;7;18,0126305584207;59,3520683122214
1972;8;16;66,4893687333517
1972;9;10,6436847207896;31,4352554445492
1972;10;6,53684720789631;44,0052452825816
1972;11;3,48736944157926;82,3532545600362
1972;12;-0,868945837631107;12,2120163151089
1973;1;-1,01263055842074;21,3768352578445
1973;2;-0,187369441579262;48,6183005652632
1973;3;3,38736944157926;28,5433948442608
1973;4;5,18736944157926;89,7708591185728
1973;5;13,6873694415793;40,7074123444019
1973;6;16,5310541623689;83,5724576997148
1973;7;17,4436847207896;86,7320606305078
1973;8;18,7436847207896;43,4235075748715
1973;9;14,9310541623689;26,6000781325415
1973;10;7,24368472078963;53,7109456554328
1973;11;2,9;79,3938622817805
1973;12;-1,25631527921037;55,0076307076756
1974;1;2,87473888315852;49,6423332541555
1974;2;2,74368472078963;56,1214465587957
1974;3;6,45631527921037;35,2546384717986
1974;4;8,33105416236889;24,4713381023293
1974;5;11,1252611168415;66,2120700069746
1974;6;14,7505222336830;63,6438061570445
1974;7;15,7505222336830;127,866421565976
1974;8;17,8068375128933;59,5387923662065
1974;9;13,5252611168415;55,2982424101061
1974;10;4,62526111684148;103,885587021914
1974;11;4,14368472078963;70,281476793748
1974;12;3,9;104,739313862289
1975;1;3,38736944157926;63,0742091265053
1975;2;1,47473888315852;18,1572290928532
1975;3;3,85631527921037;45,7850069334808
1975;4;7,24368472078963;41,5501819556698
1975;5;12,4126305584207;39,260037380292
1975;6;15,1942069544726;93,0994502426161
1975;7;18,6252611168415;39,6844934733702
1975;8;18,7689458376311;130,915573963385
1975;9;15,9689458376311;45,0006712346469
1975;10;7,15631527921037;24,1997167672851
1975;11;2,3;57,2378279412988
1975;12;-0,187369441579262;11,7405607772412
1976;1;1,06894583763111;89,5295540532673
1976;2;0,1;14,5171792296394
1976;3;1,96894583763111;17,1236911684180
1976;4;7,65631527921037;21,510734865128
1976;5;13,7;40,046076457688
1976;6;18,5;25,321692196186
1976;7;20,3;52,8918006956483
1976;8;16,4;59,9500474805017
1976;9;12,7;75,7738863532076
1976;10;9,5;43,4448051651061
1976;11;4,2;42,7575479076821
1976;12;-2,4;46,4293626105533
1977;1;0,1;78,6195592373358
1977;2;3,3;87,4722031681903
1977;3;6,6;41,7276550983184
1977;4;5,7;77,5611572465564
1977;5;11,7;20,5338123148553
1977;6;15,7;81,9400343576591
1977;7;17;40,8995350361815
1977;8;16,2;73,109120749623
1977;9;11,9;20,6535509218449
1977;10;10,3;57,7490239824322
1977;11;4,4;96,342231569655
1977;12;0,9;58,3413276050414
1978;1;0,1;36,1891864376579
1978;2;-1,8;37,1362703033285
1978;3;4,8;68,636359865538
1978;4;7,4;34,2699658658699
1978;5;11,2;153,477574236019
1978;6;14,8;73,558427463333
1978;7;15,9;77,8869076553485
1978;8;15;82,5800939417305
1978;9;12,1;56,001099751334
1978;10;8;67,0145398170203
1978;11;2,7;6,64432811942379
1978;12;0,7;107,626581064773
1979;1;-4,9;40,7525817222395
1979;2;-0,3;39,0696285091481
1979;3;4,6;85,3632252973947
1979;4;6;65,0804691798497
1979;5;12,6;38,6177211733723
1979;6;17,2;61,8311266056294
1979;7;15,9;46,8409251768178
1979;8;15,2;49,9303440555125
1979;9;13,3;52,5574461001189
1979;10;9,3;27,1145915795773
1979;11;3,2;81,2435924244462
1979;12;3,7;115,733011221396
1980;1;-2,6;49,8741570026216
1980;2;2,8;53,3134386751153
1980;3;4,3;42,765297029476
1980;4;5,8;91,0027691369366
1980;5;11;52,5273815860174
1980;6;14,6;65,5360349176599
1980;7;14,8;127,336231931461
1980;8;17,4;51,0370451067844
1980;9;14,1;51,2449357168348
1980;10;7,6;68,181660047454
1980;11;2,4;22,6416634077023
1980;12;-0,6;55,1752554451296
1981;1;-3,1;85,7493472945044
1981;2;-1;36,4935844611478
1981;3;7,1;38,7357902312693
1981;4;8,4;44,4558021870699
1981;5;12,7;101,401889826521
1981;6;15,5;72,0257424168962
1981;7;16,3;48,4379262982413
1981;8;16,7;55,1802000027516
1981;9;14,5;78,6616903082537
1981;10;8,3;166,683509129690
1981;11;4,2;61,9634454930777
1981;12;-2;101,309946333790
1982;1;-3;72,1844133395388
1982;2;-0,6;12,8949942973542
1982;3;3,9;42,3385325050813
1982;4;6,3;30,2625142566146
1982;5;12,6;57,4871904683713
1982;6;16,4;89,9764846028562
1982;7;19,3;41,2797064582576
1982;8;16,9;70,7233207557594
1982;9;16,1;26,7387390648396
1982;10;8,8;79,9806229134599
1982;11;5,7;32,0236581124812
1982;12;2;106,406015891770
1983;1;3,2;59,7182512904377
1983;2;-2,8;43,3959512516058
1983;3;4,3;56,1468893877762
1983;4;9;109,906606908625
1983;5;11;128,295536659773
1983;6;16,5;32,7535768031234
1983;7;20,9;18,7906602000301
1983;8;18;50,5706646612962
1983;9;13,5;52,1652455121539
1983;10;8,6;25,6041002657163
1983;11;1,9;46,9791749506212
1983;12;-0,3;33,4217181592095
1984;1;0,2;92,2408883590115
1984;2;-1,3;95,2698883855243
1984;3;1,3;7,19701173097143
1984;4;6,3;31,77067674316
1984;5;9,9;113,349554099498
1984;6;13,5;82,650251340863
1984;7;15,8;57,6214613092102
1984;8;16,1;38,8763934048409
1984;9;12;84,1867816023127
1984;10;9,7;21,0382878186908
1984;11;4,4;32,1299186088972
1984;12;0,8;28,3120425565787
1985;1;-6,4;58,5077749213275
1985;2;-4,2;26,0142802676240
1985;3;2,4;49,3653093565747
1985;4;7,7;32,0551932808329
1985;5;12,9;106,039630947589
1985;6;13,2;59,4662286746639
1985;7;17,4;52,6020570325655
1985;8;16,1;65,462049538031
1985;9;13,3;44,3277735681832
1985;10;7,5;7,14849370187692
1985;11;0,2;70,1644951176605
1985;12;3,2;48,9361928229829
1986;1;-0,1;95,9005833519384
1986;2;-6,8;14,6528264086300
1986;3;2,9;51,1990429640034
1986;4;6,7;49,9895222403188
1986;5;14,2;78,2473803146182
1986;6;15,7;41,3039043155059
1986;7;16,7;78,0725390525961
1986;8;16,7;79,0349773011811
1986;9;10,9;52,0088737725603
1986;10;8,6;99,211746189376
1986;11;4,9;29,667766036222
1986;12;1,7;85,0198173961612
1987;1;-6;40,0468513428888
1987;2;-0,6;60,3554529937192
1987;3;-0,2;53,2636154802646
1987;4;9,2;27,8066478981440
1987;5;9,4;100,316982942488
1987;6;14,1;118,055102328053
1987;7;17,4;89,8801343590349
1987;8;15,7;88,4721790862076
1987;9;15,4;50,5128203864115
1987;10;9,1;44,3603403899902
1987;11;3,8;54,3795883153727
1987;12;1,6;42,3820735756954
1988;1;3;61,6410952457497
1988;2;1,8;76,8429560828698
1988;3;2,4;188,384738123927
1988;4;8,2;21,9752160914163
1988;5;14,5;27,8276154993702
1988;6;14,8;51,2518556549637
1988;7;16,9;77,3048778503142
1988;8;17,3;44,0073075033469
1988;9;13;55,4629546479806
1988;10;9,9;54,3088354824381
1988;11;2,2;50,4324283599275
1988;12;2,9;87,6948407272339
1989;1;1,4;26,8463333894323
1989;2;2,3;38,8905187935187
1989;3;7,2;32,1624624940576
1989;4;6,7;87,8350155095584
1989;5;13,9;26,4917477060103
1989;6;15;36,9105686307166
1989;7;18,1;62,8755004585001
1989;8;17,2;46,9116293553172
1989;9;13,8;36,8462300278082
1989;10;9,8;62,9364771900667
1989;11;1,9;44,5669000347508
1989;12;1,9;69,8325955659724
1990;1;1,5;21,9964816139061
1990;2;5,4;112,265011762291
1990;3;6,3;26,4065201275573
1990;4;6,9;32,7937530577638
1990;5;14,1;33,3767827693547
1990;6;15,2;101,694491125158
1990;7;16,7;32,4782043604449
1990;8;18,3;38,7158013756053
1990;9;11,6;79,9902454447077
1990;10;9,6;64,564906928351
1990;11;4;86,193792493222
1990;12;-0,4;44,3330753927967
1991;1;0,9;25,6179399784843
1991;2;-2,6;19,4669258342843
1991;3;6,1;30,9086668858222
1991;4;6,7;17,0218990011792
1991;5;9,3;48,491981619363
1991;6;13,7;121,350603642335
1991;7;19,2;34,9300493241158
1991;8;18,7;25,4264153310440
1991;9;14,8;49,8788894382015
1991;10;7,1;13,3528127727053
1991;11;3,3;60,4616088196851
1991;12;-0,4;61,4773899580407
1992;1;0,1;21,9953856482889
1992;2;1,7;32,0660248032521
1992;3;4,6;92,2628802600113
1992;4;7,8;28,6938133766686
1992;5;14,9;17,8433063633201
1992;6;16,2;129,720690386538
1992;7;18,3;83,846553369711
1992;8;19,8;43,438589548459
1992;9;13,2;33,9902130516544
1992;10;6,3;68,3072006500283
1992;11;5,5;76,9247464933258
1992;12;0,6;33,1103451932691
1993;1;2,8;48,8175458432974
1993;2;-1,6;25,078398049915
1993;3;3,6;23,0804261033088
1993;4;11;27,9608522066175
1993;5;14,6;47,6474649332578
1993;6;16,1;70,5938133766685
1993;7;16,7;108,072872134657
1993;8;16,6;45,6164293534505
1993;9;12,6;50,6145037632068
1993;10;7,4;80,2628802600113
1993;11;0,2;29,9953856482889
1993;12;3,4;159,654768046436
1994;1;2,5;62,2185598699943
1994;2;0,7;38,2536515565892
1994;3;7;59,815973571677
1994;4;7,6;116,591124615201
1994;5;12,9;58,9974137016827
1994;6;16,7;60,4104476564192
1994;7;21,3;45,7334169518244
1994;8;18,1;71,561410451541
1994;9;13,5;41,8958414300623
1994;10;7,2;36,3566936366799
1994;11;7,5;43,9051725966346
1994;12;3,5;66,9077588949518
1995;1;-0,7;101,4
1995;2;4,6;37,1361057132918
1995;3;2,9;98,7484789599547
1995;4;9,1;28,3020280533938
1995;5;12,2;88,6293608450368
1995;6;14,2;106,380277710986
1995;7;20,4;75,1021305165439
1995;8;17,8;87,563540968085
1995;9;12,1;96,7623220150878
1995;10;11,9;27,6989859733031
1995;11;2,1;54,6175458432974
1995;12;-0,8;55,194371621592
1996;1;-2,8;59,6203236874497
1996;2;-1,7;67,7940221112732
1996;3;1,6;24,1796299385573
1996;4;8,3;42,9948914334608
1996;5;11,5;88,3954798761284
1996;6;16,3;36,7143481024807
1996;7;16;145,777942268142
1996;8;16,8;83,7355474683683
1996;9;10,7;38,6464509065609
1996;10;9,3;74,2350916865949
1996;11;4,4;63,5696251282663
1996;12;-2,8;39,1484789599547
1997;1;-3,2;21,8138640997114
1997;2;4,1;99,0620235767511
1997;3;6,5;52,3946438436756
1997;4;6,6;31,5247793120286
1997;5;13,1;28,0729750703916
1997;6;15,7;93,414651491235
1997;7;16,6;91,495819888597
1997;8;19,5;23,6550948284247
1997;9;13,7;19,7432796533826
1997;10;7,4;61,8225268678093
1997;11;3,9;29,9782343491001
1997;12;1,9;72,319580352122
1998;1;1,8;43,1876541566656
1998;2;3,4;16,0949243268949
1998;3;5,1;69,7592366291885
1998;4;9;53,2287972600192
1998;5;14,1;35,1546535912273
1998;6;17,2;67,0336301406626
1998;7;16,9;37,5214450513063
1998;8;17,7;44,7021026943225
1998;9;13;115,932305308117
1998;10;9,2;202,105737640692
1998;11;1,4;70,1846951735528
1998;12;1;29,7098610447630
1999;1;2,1;65,1674899864797
1999;2;-0,7;68,3053308790825
1999;3;5,4;51,9131441850296
1999;4;9;56,2010010177827
1999;5;14,3;99,9079140835142
1999;6;15,2;72,1807708880088
1999;7;18,8;71,999637189816
1999;8;17,4;71,7644175347934
1999;9;16,4;38,5530057873812
1999;10;8,5;23,9019886058673
1999;11;2,6;69,6949243268949
1999;12;1,4;109,261423733701
2000;1;0,2;39,1198786660622
2000;2;3,7;68,7389295357453
2000;3;5,3;79,2602623043315
2000;4;10;15,0175929321081
2000;5;14,9;63,9156307893361
2000;6;18,2;20,8629173327181
2000;7;15,5;108,174106201615
2000;8;18,5;46,648040933652
2000;9;13,8;72,2108219461714
2000;10;10,2;45,2537010447026
2000;11;5,8;42,7923519029637
2000;12;2,7;34,0734064893611
2001;1;1;63,7212489782774
2001;2;2,6;56,012583218591
2001;3;5,6;140,942250143189
2001;4;7;70,0258376570247
2001;5;15,2;31,0055355844859
2001;6;14,6;73,646472176701
2001;7;18,6;60,4308960653808
2001;8;19,1;34,0859323807387
2001;9;11,4;112,940575876247
2001;10;12,4;55,9122059116656
2001;11;2,5;105,404810029018
2001;12;-1,1;82,8097980767635
2002;1;-0,1;24,5896112785332
2002;2;4,9;120,681749843719
2002;3;5,4;78,58763807777
2002;4;8,2;51,9766471415467
2002;5;13,4;102,781546324169
2002;6;18,3;44,8933338502623
2002;7;17,7;95,156847244889
2002;8;18,1;59,4402775623071
2002;9;12,2;78,8016186915532
2002;10;8,8;115,908652106408
2002;11;6,4;128,883447582167
2002;12;1,7;58,8301681382062
2003;1;-0,8;82,993198715917
2003;2;-2,4;29,7544364183983
2003;3;6;16,5247133524406
2003;4;8,8;24,9172402825430
2003;5;14,6;60,4564663264934
2003;6;20,9;47,592667427743
2003;7;19,4;65,0715391409793
2003;8;22;13,9079452251231
2003;9;13,6;23,386334964906
2003;10;6;87,5679035747284
2003;11;5,5;39,2163138567228
2003;12;1,2;37,007245512869
2004;1;0;126,284812253596
2004;2;2,4;34,9552211068146
2004;3;3,7;38,0741252181895
2004;4;9,5;46,6566561927644
2004;5;11,5;62,4791892673316
2004;6;16;55,4913773482763
2004;7;17,2;87,4940026983982
2004;8;18,1;90,9609958722922
2004;9;13,8;46,9763105169673
2004;10;10,2;65,0786690371488
2004;11;3,8;51,0866098073393
2004;12;0,1;54,3043266461305
2005;1;1,1;66,2796058471688
2005;2;-2,4;82,9413623703986
2005;3;3,2;42,9761964285122
2005;4;9,4;91,3506767218835
2005;5;12,9;58,2730532199144
2005;6;17,1;40,0231400866472
2005;7;18,2;73,3652259182974
2005;8;15,6;95,0513517228674
2005;9;14,8;69,4900373342074
2005;10;10,4;35,6484952581566
2005;11;3,1;43,741062870605
2005;12;0;56,4921465776786
2006;1;-2,7;16,8031426235591
2006;2;-0,7;39,2621270902418
2006;3;1,7;71,456003270172
2006;4;8,2;65,2345688591505
2006;5;13,2;103,166397621586
2006;6;16,7;62,1195811222958
2006;7;21,9;58,1491540691614
2006;8;14,9;118,388959940392
2006;9;16,9;27,1805803047527
2006;10;11,9;68,6522966927205
2006;11;6,4;33,2728442957526
2006;12;3,4;36,3087024897365
2007;1;4,1;98,3029811965106
2007;2;4,2;67,7942787067742
2007;3;5,6;62,7992746190591
2007;4;11,8;1,19685737644086
2007;5;14,3;148,522239464709
2007;6;17,4;147,757774804596
2007;7;17,3;79,8261074692095
2007;8;16,8;92,3697016721935
2007;9;12;68,1804188777042
2007;10;8;22,0924254180484
2007;11;2,7;75,760999182457
2007;12;0,5;44,547864734328
2008;1;3,4;33,5471393533871
2008;2;3,2;72,6087024897365
2008;3;4,2;86,8364221478763
2008;4;7,6;73,3512484576826
2008;5;15,1;10,2987106651666
2008;6;17,3;44,3214344110215
2008;7;18,4;31,4408541062688
2008;8;17,5;63,9232876997473
2008;9;12;48,0621270902418
2008;10;8,8;71,8332795243172
2008;11;4,6;24,3238516536398
2008;12;0,6;61,2602738015161
